"Move In","In Time","Move Out","Out Time"
"1","2023-09-24 07:21","1","2023-09-24 07:21"
"2","2023-09-24 07:21","2","2023-09-24 07:21"
"3","2023-09-24 07:21","3","2023-09-24 07:21"
"4","2023-09-24 07:22","4","2023-09-24 07:21"
"5","2023-09-24 07:22","5","2023-09-24 07:21"
"6","2023-09-24 07:22","6","2023-09-24 07:21"
"7","2023-09-24 07:22","7","2023-09-24 07:21"
"8","2023-09-24 07:22","8","2023-09-24 07:21"
"9","2023-09-24 07:22","9","2023-09-24 07:21"
"10","2023-09-24 07:22","10","2023-09-24 07:21"
"","","11","2023-09-24 07:22"
"","","12","2023-09-24 07:22"
"","","13","2023-09-24 07:22"
"","","14","2023-09-24 07:22"
"","","15","2023-09-24 07:22"
"","","16","2023-09-24 07:22"
"","","17","2023-09-24 07:22"
"","","18","2023-09-24 07:22"
"","","19","2023-09-24 07:22"
"","","20","2023-09-24 07:22"
